<?xml version="1.0" ?>
<ram-component manifest-version="2.0.02" name="SysMLArchitect" version="0" release="0" clevel="0" modelioVersion="4.1.00" provider="">
  <description><![CDATA[]]></description>
  <dependencies></dependencies>
  <contributors></contributors>
  <metamodels>
    <metamodel name="Infrastructure" version="2.1.03"/>
  </metamodels>
  <roots>
    <root metaclass="Infrastructure.ModuleComponent" name="SysMLArchitect" uuid="00bc42d0-0000-19fb-0000-000000000000"/>
  </roots>
</ram-component>